{
  "startColorAlpha" : 1,
  "endColorRed" : 0.83137254901960789,
  "startParticleSizeVariance" : 20,
  "startColorGreen" : 0,
  "rotatePerSecond" : 10,
  "radialAcceleration" : -671.04998779296875,
  "emitterType" : 1,
  "blendFuncSource" : 770,
  "finishColorVarianceAlpha" : 1,
  "rotationEnd" : 43.5,
  "startColorVarianceBlue" : 0,
  "rotatePerSecondVariance" : 20,
  "particleLifespan" : 0.29999999999999999,
  "minRadius" : 176,
  "startColorVarianceGreen" : 0,
  "tangentialAcceleration" : -92.110000610351562,
  "rotationStart" : 30.399999999999999,
  "speed" : 0,
  "minRadiusVariance" : 0,
  "finishColorVarianceBlue" : 0,
  "finishColorBlue" : 0.074509803921568626,
  "finishColorGreen" : 0.63137254901960782,
  "blendFuncDestination" : 1,
  "finishColorAlpha" : 0.83921568627450982,
  "sourcePositionVariancex" : 7,
  "startParticleSize" : 30,
  "sourcePositionVariancey" : 7,
  "startColorRed" : 0.83137254901960789,
  "finishColorVarianceRed" : 0,
  "endColorBlue" : 0.49803921568627452,
  "rotationIsDir" : 0,
  "endColorAlpha" : 1,
  "textureFileName" : "star.png",
  "startColorVarianceAlpha" : 1,
  "maxParticles" : 200,
  "finishColorVarianceGreen" : 0,
  "endColorGreen" : 0,
  "finishParticleSize" : 30,
  "duration" : 0.20000000000000001,
  "startColorVarianceRed" : 0,
  "finishColorRed" : 0.67843137254901964,
  "gravityx" : 0.25,
  "maxRadiusVariance" : 0,
  "finishParticleSizeVariance" : 20,
  "gravityy" : 0.86000001430511475,
  "rotationEndVariance" : 48.5,
  "startColorBlue" : 0.49803921568627452,
  "rotationStartVariance" : 43.299999999999997,
  "speedVariance" : 190.78999328613281,
  "radialAccelVariance" : 65.790000915527344,
  "tangentialAccelVariance" : 65.790000915527344,
  "particleLifespanVariance" : 0.20000000000000001,
  "angleVariance" : 360,
  "angle" : 360,
  "maxRadius" : 24
}